Link,Name,Benefits,Image,Detail
https://www.card-gorilla.com/card/detail/13,신한카드 Mr.Life,"['공과금', '편의점', '병원/약국', '생활', '온라인쇼핑', '택시', '푸드', '대형마트', '주유소', '온라인쇼핑', '유의사항']",https://api.card-gorilla.com:8080/storage/card/13/card_img/28201/13card.png,"['월납요금(공과금) 10% 할인서비스', '편의점 10% 할인', '병원/약국업종 10% 할인', '세탁소 업종 10% 할인', '온라인 쇼핑 10% 할인', '택시 10% 할인', '식음료 10% 할인', '3대 마트 10% 할인', '4대 정유사 리터당 60원 할인', '인테이크몰 20% 할인', '꼭 확인해주세요!']"
https://www.card-gorilla.com/card/detail/49,삼성카드 & MILEAGE PLATINUM (스카이패스),"['대한항공', '백화점', '주유소', '카페', '편의점', '택시', '공항라운지', '공항', '공항', '프리미엄 서비스', '선택형']",https://api.card-gorilla.com:8080/storage/card/49/card_img/27705/49card.png,"['모든 가맹점 이용금액 1,000원당 1마일리지 기본적립', '백화점 이용금액 1,000원당 2마일리지 특별적립', '주유 이용금액 1,000원당 2마일리지 특별적립', '커피 이용금액 1,000원당 2마일리지 특별적립', '편의점 이용금액 1,000원당 2마일리지 특별적립', '택시 이용금액 1,000원당 2마일리지 특별적립', '인천공항 라운지 본인 무료 이용', '인천공항 발렛파킹 무료 이용', '공항 커피 서비스', '아멕스 PLATINUM 등급 서비스', '여행의 설레임을 담은 디자인으로 리뉴얼 된 삼성카드 & MILEAGE PLATINUM']"
https://www.card-gorilla.com/card/detail/2441,KB국민 My WE:SH 카드,"['간편결제', '푸드', '통신', '디지털구독', '선택형', '선택형', '선택형', '기타', '선택형', '유의사항']",https://api.card-gorilla.com:8080/storage/card/2441/card_img/28283/2441card.png,"['[나한테 진심 서비스] KB Pay 10% 할인', '[나한테 진심 서비스] 음식점, 편의점 10% 할인', '[나한테 진심 서비스] 이동통신요금 10% 할인', '[나한테 진심 서비스] OTT 30% 할인', '[더욱 진심 서비스] 먹는데 진심-배달/커피 5% 할인', '[더욱 진심 서비스] 노는데 진심-택시/커피 5%, 영화관 30% 할인', '[더욱 진심 서비스] 관리에 진심-미용실, 스포츠, 온라인서점, 올리브영 5% 할인', 'WE:SH 서비스', '카드 플레이트 선택 가능', '꼭 확인하세요!']"
https://www.card-gorilla.com/card/detail/2553,카드의정석 EVERY MILE SKYPASS,[],https://api.card-gorilla.com:8080/storage/card/2553/card_img/29710/2553card.png,[]
https://www.card-gorilla.com/card/detail/2669,현대카드 M,"['적립', '적립', '적립', '유의사항']",https://api.card-gorilla.com:8080/storage/card/2669/card_img/32807/2669card.png,"['[기본 혜택] 국내외 가맹점 1.5% M포인트 적립전월 이용 금액 50만원 이상 이용 시', '[추가 혜택] 온라인 쇼핑몰・외식・해외 가맹점 5% M포인트 적립(월 1만 M포인트 한도)전월 이용 금액 100만원 이상 이용 시', 'M 긴급적립(선지급 포인트 서비스)', '꼭 확인하세요!']"
https://www.card-gorilla.com/card/detail/51,삼성카드 taptap O,"['선택형', '대중교통', '통신', '영화/문화', '유의사항']",https://api.card-gorilla.com:8080/storage/card/51/card_img/27707/51card.png,"['라이프스타일 패키지 선택', '대중교통·택시 10% 결제일할인', '이동통신요금 10% 결제일할인', 'CGV 및 롯데시네마 5,000원 결제일할인', '꼭 확인하세요!']"
https://www.card-gorilla.com/card/detail/2646,현대카드ZERO Edition3(할인형),"['할인', '유의사항']",https://api.card-gorilla.com:8080/storage/card/2646/card_img/32392/2646card.png,"['실적・한도 제한 없이 국내외 가맹점 이용 금액의 0.8% 청구 할인', '꼭 확인하세요!']"
https://www.card-gorilla.com/card/detail/2261,LOCA LIKIT 1.2,"['모든가맹점', '온라인쇼핑', '유의사항']",https://api6.card-gorilla.com:8080/storage/card/2261/card_img/21011/2261card.png,"['어디서나 1.2% 결제일 할인국내 모든 가맹점 1.2%, 해외 모든 이용금액 1.2%', '온라인 1.5% 결제일 할인', '꼭 확인하세요!']"
https://www.card-gorilla.com/card/detail/2376,삼성 iD SIMPLE 카드,"['모든가맹점', '모든가맹점', '온라인쇼핑', '영화', '선택형', '유의사항']",https://api.card-gorilla.com:8080/storage/card/2376/card_img/27725/2376card.png,"['국내외 가맹점 0.7% 할인', '국내외 가맹점 1% 할인', '온라인쇼핑몰 멤버십 50% 할인', '영화 3,000원 할인', '내 마음대로 고르는 디자인!', '꼭 확인하세요!']"
https://www.card-gorilla.com/card/detail/39,신한카드 Deep Oil,"['주유', '자동차/하이패스', '편의점', '카페', '택시', '영화', '유의사항']",https://api.card-gorilla.com:8080/storage/card/39/card_img/31864/39card.png,"['4개의 정유사 중 직접 고른 1개 정유사 주유 이용금액 10% 결제일 할인', '정비소(스피드메이트), 주차장 이용금액 10% 결제일 할인', 'GS25, CU 5% 결제일 할인', '스타벅스, 이디야 5% 결제일 할인', '택시 5% 결제일 할인', '롯데시네마 일반관 5천원 현장 할인', '꼭 확인하세요!']"
https://www.card-gorilla.com/card/detail/2657,JADE Classic,"['바우처', '공항라운지', '적립', '적립', '디지털구독', '카페', '택시', '유의사항']",https://api.card-gorilla.com:8080/storage/card/2657/card_img/32434/2657card.png,"['[PREMIUM VOUCHER] 바우처 5가지 중 1가지를 선택하여 이용 (연 1회)', '전세계 공항 라운지 무료이용(본인/가족/동반자 통합 연 3회, 일 3회)', '[기본 적립] 국내외 가맹점 1% 하나머니 적립', '[특별 적립] 영역별 1.5~1.2% 하나머니 적립 제공', '디지털 컨텐츠 자동이체 시, 50% 하나머니 적립 제공', '커피 이용금액 50% 하나머니 적립 제공', '택시 이용금액 50% 하나머니 적립 제공', '꼭 확인하세요!']"
https://www.card-gorilla.com/card/detail/2694,신한카드 처음,"['적립', '생활', '디지털구독', '적립', '유의사항']",https://api.card-gorilla.com:8080/storage/card/2694/card_img/33709/2694card_1.png,"['[오늘도 5% 적립 서비스] 음식점·카페·편의점·온라인쇼핑 5% 마이신한포인트 적립', '[일상 속 5% 적립 서비스] 생활·여행·패션 5% 마이신한포인트 적립', '[정기결제 최대 20% 적립 서비스] 통신 10% , OTT 15%, 멤버십 20% 마이신한포인트 적립', '소비관리 보너스 적립 서비스 소개', '꼭 확인하세요!']"
https://www.card-gorilla.com/card/detail/2655,DA카드의정석Ⅱ,"['모든가맹점', '할인', '공항라운지', '유의사항']",https://api.card-gorilla.com:8080/storage/card/2655/card_img/32217/2655card.png,"['기본 Discount - 0.8% 기본 청구할인', '추가 Discount - 0.5% 추가 청구할인(기본 0.8% + 추가 0.5% = 1.3% 청구할인)', '국내 공항라운지 무료 이용 서비스 안내', '꼭 확인하세요!']"
https://www.card-gorilla.com/card/detail/2632,디지로카 London,"['국내외가맹점', '캐시백', '무이자할부', '유의사항']",https://api.card-gorilla.com:8080/storage/card/2632/card_img/31797/2362card.png,"['어디서나 0.7% 캐시백', '즉시 결제 1% 추가 캐시백', 'LOCA 나누기 혜택', '꼭 확인하세요!']"
https://www.card-gorilla.com/card/detail/666,올바른 FLEX 카드,"['카페', '생활', '영화', '기타', '쇼핑', '간편결제', '공항라운지', '유의사항']",https://api6.card-gorilla.com:8080/storage/card/666/card_img/21431/666card.png,"['스타벅스(사이렌오더 포함) 50% 청구할인', '유튜브프리미엄, 넷플릭스, 멜론 정기결제 20% 청구할인배달의민족, 요기요 10% 청구할인', 'CGV, 롯데시네마 30% 청구할인', '지하철, 버스 7% 청구할인SKT, KT, LGU+ 7% 청구할인', '쿠팡, G마켓, 11번가, 티몬, 농협몰 5% 청구할인CU, GS25 5% 청구할인', '올원페이(NH앱카드)로 결제 시 건당 1천원 청구할인', '국제공항 라운지 무료이용 연 1회 제공', '꼭 확인하세요!']"
https://www.card-gorilla.com/card/detail/2458,BC 바로 에어 플러스 스카이패스,"['대한항공', '대한항공', '무이자할부', '프리미엄 서비스', '유의사항']",https://api.card-gorilla.com:8080/storage/card/2458/card_img/31078/2458card_1.png,"['대한항공 마일리지 기본적립1천원당 1스카이패스 마일리지', '대한항공 마일리지 보너스 적립: 1백만원당 200스카이패스 마일리지', '무이자할부 서비스전국 모든 가맹점 2~3개월', 'MasterCard Platinum/ VISA Platinum 기본 서비스', '꼭 확인하세요!']"
https://www.card-gorilla.com/card/detail/2692,현대카드 Summit,"['적립', '유치원', '학원', '병원/약국', '여행/숙박', '바우처', '기타', '공항라운지', '유의사항']",https://api.card-gorilla.com:8080/storage/card/2692/card_img/33549/2692card.png,"['적립한도 제한 없는 1.5% M포인트 적립', '[추가 혜택] 학원/유치원 업종 5% M포인트 적립', '[추가 혜택] 학원/유치원 업종 5% M포인트 적립', '[추가혜택] 병원/약국 업종 5% M포인트 적립', '[추가혜택] 국내 항공사/여행사/특급호텔 업종 5% M포인트 적립', '15만원 상당 선택 제공 기프트 ①~④ 택1 (연1회)', '공항 및 특급호텔 발레파킹 무료 이용', 'THE LOUNGE : 공항 라운지 무료 이용 (연5회)', '꼭 확인해 주세요!']"
https://www.card-gorilla.com/card/detail/2683,현대카드Z family Edition2,"['온라인쇼핑', '병원/약국', '학원', '주유', '생활', '유의사항']",https://api.card-gorilla.com:8080/storage/card/2683/card_img/32811/2683card.png,"['온라인 쇼핑몰 10% 청구 할인', '병원・약국 10% 청구 할인', '학원 10% 청구 할인', '주유 10% 청구 할인', '생활 요금 정기 결제 10% 청구 할인', '꼭 확인하세요!']"
https://www.card-gorilla.com/card/detail/2330,LOCA 365 카드,"['공과금', '공과금', '대중교통', '통신', '배달앱', '보험사', '학습지', '디지털구독', '무이자할부', '유의사항']",https://api.card-gorilla.com:8080/storage/card/2330/card_img/24131/2330card.png,"['[생활업종]아파트관리비 10% 할인', '[생활업종]공과금(도시가스비, 전기료) 10% 할인', '[생활업종]대중교통 10% 할인', '[생활업종]SKT, KT, LG U+ 10% 할인', '[생활업종]배달의 민족, 요기요, 쿠팡이츠 10% 할인', '[생활업종]생명보험, 손해보험 10% 할인', '[생활업종]학습지 10% 할인', '[생활업종]넷플릭스, 유튜브, 왓챠, 멜론, 지니뮤직, 디즈니 플러스 1,500원 할인', '국내 가맹점 2~3개월 무이자 할부', '꼭 확인하세요!']"
https://www.card-gorilla.com/card/detail/2237,하나 스카이패스 아멕스 플래티늄 카드,"['대한항공', '공항라운지', '유의사항']",https://api.card-gorilla.com:8080/storage/card/2237/card_img/20939/2237card.png,"['스카이패스 마일리지 적립', '인천공항 라운지 이용 시 무료서비스 제공', '꼭 확인하세요!']"
https://www.card-gorilla.com/card/detail/2676,삼성 iD GLOBAL 카드,"['수수료우대', '해외이용', '삼성페이', '공항라운지', '디지털구독', '생활', '할인', '유의사항']",https://api.card-gorilla.com:8080/storage/card/2676/card_img/32887/2676card_2.png,"['해외 수수료 할인', '해외 2% 할인', '삼성페이로 결제 시 해외 오프라인 가맹점 5% 할인', '공항 라운지 서비스 (The Lounge)', '인앱 결제/디지털콘텐츠/멤버십 50% 할인', '일상 필수 영역 1% 할인', '국내 가맹점 0.5% 할인', '꼭 확인하세요!']"
https://www.card-gorilla.com/card/detail/2260,the Green Edition2,"['바우처', '프리미엄 서비스', '적립', '적립', '선택형']",https://api.card-gorilla.com:8080/storage/card/2260/card_img/27660/2260card.png,"['10만원 상당의 바우처 제공', '전 세계 공항라운지 / 무료 발레파킹 서비스VISA Signature / MasterCard World 서비스', '기본적립/특별적립 최대 5% 적립', '보너스 리워드7만 M포인트 적립 또는 연회비 7만원 감면(택 1)', 'the Green Edition2의 특별한 디자인을 소개합니다.내 취향에 맞는 카드 디자인을 선택해서 발급 받으세요.']"
https://www.card-gorilla.com/card/detail/32,신한카드 Deep Dream,"['모든가맹점', '생활', '생활', '주유', '택시', '적립', '유의사항']",https://api6.card-gorilla.com:8080/storage/card/32/card_img/20114/32card.png,"['모두드림 - 전월 실적/적립 한도 없이 국내/외 신판(일시불+할부)이용 가맹점 0.7% 포인트 적립', '더해드림 - 자주 가는 DREAM영역은 기본의 3배(총 2.1%) 포인트 적립', '챙겨드림 - DREAM영역 중 가장 많이 이용한 영역 기본의 5배(총 3.5%) 포인트 자동적립', '주말(토, 일) 전 주유소 리터당 80원 적립', '택시 3, 6, 9번째 2,000원 할인', '반겨드림 5,000포인트 적립', '꼭 확인하세요!']"
https://www.card-gorilla.com/card/detail/37,신한카드 The BEST-F,"['바우처', '선택형', '카페/디저트', '쇼핑', 'PP', '여행/숙박', '프리미엄 서비스', '유의사항']",https://api6.card-gorilla.com:8080/storage/card/37/card_img/20118/37card.png,"['Gift Option Service', '캐시백(캐시백형 선택 시)마일리지 적립(마일리지 적립형 선택 시)', '스타벅스 커피 할인 /  이마트 피자 무료 제공 서비스 / 특급호텔 베이커리 특별 할인 서비스', '주요 백화점, 할인점, 아울렛 할인', 'Priority Pass 카드 제공', 'JDC 면세점 / 아시아나, 이스타 항공 할인', 'THE BEST-F 공통 Life 서비스', '꼭 확인하세요!']"
https://www.card-gorilla.com/card/detail/583,우리 K-패스(신용),"['대중교통', '할인', '할인', '유의사항']",https://api.card-gorilla.com:8080/storage/card/583/card_img/33530/583card.png,"['K-패스 사업 지역 안내', '생활 편의 서비스', '생활 밀착 서비스', '꼭 확인하세요!']"
https://www.card-gorilla.com/card/detail/121,다담카드,"['대중교통', '통신', '주유소', '영화', '테마파크', '해외', '선택형', '기타', '유의사항']",https://api.card-gorilla.com:8080/storage/card/121/card_img/20353/121card.png,"['버스, 지하철 10% 청구할인', 'SKT, KT Olleh, LG U+ 10% 청구할인', 'SK주유소(충전소) 리터당 60원 청구할인', '인터파크 영화 예매 시 1매당 3,500원 청구할인', '롯데월드, 에버랜드, 캐리비안베이 30~50% 할인', '해외가맹점 5% 할인캐시백', '선택 적립 서비스팩 - 생활/교육/쇼핑/직장인/레저팩 중 택 1', '연간 이용에 따른 다담리워드 서비스,함께하는 기부 서비스', '꼭 확인하세요!']"
https://www.card-gorilla.com/card/detail/2427,zgm.the pay카드,"['할인', '간편결제', '선택형', '유의사항']",https://api.card-gorilla.com:8080/storage/card/2427/card_img/27201/2427card.png,"['국내/해외 전 가맹점 1.0% 청구 할인', '온라인 간편결제 최대 1.7% 청구 할인', '디자인 선택 가능', '꼭 확인하세요!']"
https://www.card-gorilla.com/card/detail/27,아시아나 신한카드 Air 1.5,"['아시아나항공', '공항라운지', '프리미엄', '유의사항']",https://api.card-gorilla.com:8080/storage/card/27/card_img/25865/27card.png,"['이용금액 1,000원당 1.5~3 아시아나 마일리지 적립', '국내 공항라운지 무료 이용(mastercard PLATINUM)', 'mastercard PLATINUM  서비스 제공', '꼭 확인하세요!']"
https://www.card-gorilla.com/card/detail/2662,American Express® Green Card Edition2,"['바우처', '적립', '공항라운지', '프리미엄 서비스', '프리미엄 서비스']",https://api.card-gorilla.com:8080/storage/card/2662/card_img/32405/2662card.png,"['국내 트래블・패션/뷰티 영역에서 사용 가능한 12만원 상당 바우처 제공(연 1회)', '대상점에 따라 이용 금액 1,000원당 최대 2MR 적립', '전 세계 공항 라운지 이용, 공항 리무진・공항철도서비스', '공항 및 국내 특급 호텔 무료 발레파킹 서비스', 'Be My Guest 호텔 델리/레스토랑, 패밀리 레스토랑 할인']"
https://www.card-gorilla.com/card/detail/2674,I-Mileage (대한항공),"['대한항공', '공항라운지', '공항', '카페', '프리미엄 서비스', '유의사항']",https://api.card-gorilla.com:8080/storage/card/2674/card_img/32666/2674card_2.png,"['대한항공 마일리지 적립', '전 세계 공항 라운지 무료 이용 서비스', '공항 발레파킹 무료 이용 서비스', '스타벅스 할인 서비스', '국제 브랜드 서비스', '꼭 확인하세요!']"
https://www.card-gorilla.com/card/detail/2690,K-패스 신한카드,"['대중교통', '간편결제', '생활', '유의사항']",https://api.card-gorilla.com:8080/storage/card/2690/card_img/33494/2690card.png,"['대중교통(버스, 지하철) 이용 시 10% 결제일 할인', '간편결제로 결제 시 5% 결제일 할인', '생활서비스 5% 결제일 할인', '꼭 확인하세요!']"
https://www.card-gorilla.com/card/detail/2233,네이버 현대카드,"['디지털구독', '네이버페이', '유의사항']",https://api6.card-gorilla.com:8080/storage/card/2233/card_img/20932/2233card.png,"['네이버플러스 멤버십 무료 이용권 제공', '네이버페이 포인트 최대 5% 적립', '꼭 확인하세요!']"
https://www.card-gorilla.com/card/detail/634,Easy all 티타늄카드,"['선택형', '선택형', '프리미엄', '유의사항']",https://api6.card-gorilla.com:8080/storage/card/634/card_img/21400/634card.png,"['Easy all 선택 서비스(택1)', '1. Auto 모드 (많이 쓴 영역에서 자동 캐시백)2. DIY 모드 (원하는 영역에서 자유롭게 청구할인)', '티타늄 서비스', '꼭 확인하세요!']"
https://www.card-gorilla.com/card/detail/2687,카드의정석 SHOPPING+,"['온라인쇼핑', '쇼핑', '간편결제', '주유', '카페', '유의사항']",https://api.card-gorilla.com:8080/storage/card/2687/card_img/33239/2687card.png,"['[쇼핑 할인의 정석] 온라인 쇼핑 10% 청구할인', '[쇼핑 할인의 정석] 오프라인 쇼핑 10% 청구할인', '[추가 할인의 정석] 온라인 업종 4대 PAY 결제 시 5% 추가할인', '[생활밀착 할인의 정석] 4대 주유소 주말 주유시 리터당 60원 청구할인', '[생활밀착 할인의 정석] 스타벅스, 폴바셋 10% 청구할인', '꼭 확인하세요!']"
https://www.card-gorilla.com/card/detail/131,BeV V카드(스카이패스형),"['항공마일리지', '프리미엄', '프리미엄', '프리미엄', '유의사항']",https://api.card-gorilla.com:8080/storage/card/131/card_img/20360/131card.png,"['대한항공 마일리지 적립서비스', '쿠폰서비스', 'BeV Ⅴ 서비스 (여행/호텔/골프/문화/금융)', '국제브랜드 제공 서비스', '꼭 확인하세요!']"
https://www.card-gorilla.com/card/detail/2235,삼성 iD ON 카드,"['할인', '생활', '할인', '유의사항', '선택형']",https://api.card-gorilla.com:8080/storage/card/2235/card_img/28314/2235card.png,"['많이 쓰는 영역 30% 자동 맞춤 할인(커피전문점·배달앱·델리 영역)', '교통·이동통신·스트리밍 10% 할인', '온라인 간편결제·해외 3%·1% 할인', '꼭 확인하세요!', '내 마음대로 고르는 디자인-다양한 스타일로 새롭게 선보이는 삼성 iD 카드를 소개합니다.']"
https://www.card-gorilla.com/card/detail/2697,현대카드 MX Black Edition2,"['국내외가맹점', '온라인쇼핑', '백화점', '카페', '베이커리', '편의점', '주유', '대중교통', '공항라운지', '기타', '유의사항']",https://api.card-gorilla.com:8080/storage/card/2697/card_img/33888/2697card.png,"['적립한도 제한없이 국내외 가맹점 1% M포인트 적립', '[추가혜택] 전월 이용금액 100만원 이상 시 10% 할인', '[추가혜택] 전월 이용금액 100만원 이상 시 10% 할인', '[추가혜택] 전월 이용금액 100만원 이상 시 10% 할인', '[추가혜택] 전월 이용금액 100만원 이상 시 10% 할인', '[추가혜택] 전월 이용금액 100만원 이상 시 10% 할인', '[추가혜택] 전월 이용금액 100만원 이상 시 10% 할인', '[추가혜택] 전월 이용금액 100만원 이상 시 10% 할인', 'THE LOUNGE : 공항 라운지 연5회 무료 이용', '공항 및 특급호텔 발레파킹 무료 이용', '']"
https://www.card-gorilla.com/card/detail/635,올바른 NEW HAVE카드,"['적립', '적립', '공항라운지', '금융', '유의사항']",https://api.card-gorilla.com:8080/storage/card/635/card_img/28872/635card.png,"['국내/외 이용가맹점 0.7% NH포인트 적립', '6개 영역 중 당월(1일~말일) 이용금액 1위/2위 영역은 기본적립의 3배/2배 자동적용', '국제공항 라운지 무료이용', '농협 인터넷·모바일·스마트·텔레뱅킹 이체수수료 통합 월 10회', '꼭 확인하세요!']"
https://www.card-gorilla.com/card/detail/2234,삼성 iD ALL 카드,"['할인', '생활', '모든가맹점', '선택형', '유의사항']",https://api6.card-gorilla.com:8080/storage/card/2234/card_img/20934/2234card.png,"['많이 쓰는 영역 5% 자동 맞춤 할인(백화점·할인점·슈퍼마켓 영역)', '주유·이동통신·아파트 관리비 2.5% 할인', '국내외 가맹점 0.5% 할인', '내 마음대로 고르는 디자인-다양한 스타일로 새롭게 선보이는 삼성 iD 카드를 소개합니다.', '꼭 확인하세요!']"
https://www.card-gorilla.com/card/detail/2699,카드의정석 TEN,"['할인', '할인', '유의사항']",https://api.card-gorilla.com:8080/storage/card/2699/card_img/34252/2699card.png,"['[TEN Discount] 5대 일상영역 10% 청구할인', '[ONE Discount] 음식점/주점 및 온라인 간편결제 1% 청구할인', '꼭 확인하세요!']"
https://www.card-gorilla.com/card/detail/772,BLISS.5 카드(마일리지),"['대한항공', '기차', '영화', '카페', '금융', '바우처', '프리미엄 서비스', '유의사항']",https://api6.card-gorilla.com:8080/storage/card/772/card_img/22246/772card.png,"['국내외 일시불, 유이자할부금액에 대해서 1,500원당 1마일 적립제휴항공사 | 대한항공', 'KTX/SRT 승차권 및 철도 여행상품 3%~10% 할인 서비스', '영화예매 할인 서비스・CGV 콤보 무료 이용 서비스', '카페아티제 본인 음료 구매 시 동반자 1인에게 무료 음료 제공', '바로알림(SMS) 서비스 무료 가입', 'Voucher Service 종류(택1)', 'Premium Service', '']"
https://www.card-gorilla.com/card/detail/2636,LOCA Professional,"['국내외가맹점', '캐시백', '기타', '바우처', '프리미엄 서비스', '유의사항']",https://api.card-gorilla.com:8080/storage/card/2636/card_img/31863/2636card.png,"['어디서나 1% 캐시백국내 모든 가맹점 1%, 해외 모든 이용금액 1%', '즉시결제 1% 추가 캐시백일시불 이용 후 5일 이내 즉시결제 시 1%', 'LOCA 나누기 혜택', 'Special Gift 혜택', 'Master World 서비스', '꼭 확인하세요!']"
https://www.card-gorilla.com/card/detail/45,American Express Blue,"['생활', '디지털구독', '카페', '통신', '쇼핑', '해외이용', '유의사항']",https://api.card-gorilla.com:8080/storage/card/45/card_img/27703/45card.png,"['편의점·배달앱 7% 멤버십리워즈 적립', '스트리밍서비스 20% 결제일 할인', '스타벅스·이디야 20% 결제일 할인', '교통·통신 5% 멤버십리워즈 적립', '쇼핑 1.5% 멤버십리워즈 적립', '해외 5% 멤버십리워즈 적립', '꼭 확인하세요!']"
https://www.card-gorilla.com/card/detail/2559,K-패스 (신용),"['대중교통', '교통', '주유소', '통신', '패밀리레스토랑', '영화', '무이자할부', '테마파크', '수수료우대', '보험사', '유의사항']",https://api.card-gorilla.com:8080/storage/card/2559/card_img/33437/2690card.png,"['[교통특화 서비스] 대중교통 최대 300원 할인', '[교통특화 서비스] 일반교통 5% 할인', '[생활 서비스] 주유 리터당 40원 할인', '[생활 서비스] 통신 3% 할인', '[생활 서비스] 외식 10% 할인', '[생활 서비스] 영화 2천원 할인', '[생활 서비스] 무이자 할부 2~3개월', '[생활 서비스] 놀이공원 본인 무료입장 또는 자유이용권 최대 50% 할인', '[특별우대 서비스] 환전 우대 환율 50% 우대', '[특별우대 서비스] 보험 1천만원 대중교통 상해보험 무료가입', '꼭 확인하세요!']"
https://www.card-gorilla.com/card/detail/2663,American Express® Gold Card Edition2,"['바우처', '적립', '공항라운지', '프리미엄 서비스', '프리미엄 서비스', '프리미엄 서비스', '프리미엄 서비스']",https://api.card-gorilla.com:8080/storage/card/2663/card_img/32407/2663card.png,"['국내 트래블·패션/뷰티 영역에서 사용 가능한 25만원 상당 바우처 제공(연 1회)', '대상점에 따라 이용 금액 1,000원당 최대 3MR 적립', '전 세계 공항 라운지 이용, 공항 리무진・공항철도서비스', '공항 및 국내 특급 호텔 무료 발레파킹 서비스', 'Be My Guest 호텔 델리/레스토랑, 패밀리 레스토랑 할인', 'The Hotel Collection 객실 업그레이드 및 호텔 크레딧 100달러(USD) 제공', '메탈 플레이트 제공']"
https://www.card-gorilla.com/card/detail/2460,THE iD. PLATINUM(포인트),"['바우처', '적립', '디지털구독', '카페', '공항라운지', '선택형', '프리미엄 서비스', '유의사항']",https://api.card-gorilla.com:8080/storage/card/2460/card_img/28298/2460card.png,"['[GIFT] 5가지 기프트 중에서 매년 1가지를 선택', '[REWARD] 국내 가맹점 1%, 생활 편의 영역 1.2%, 특별 가맹점 1.5% 빅포인트 적립', '[DAILY LIFESTYLE] 디지털콘텐츠 50% 할인', '[DAILY LIFESTYLE] 스타벅스 3,000원 할인', '[PREMIUM LIFESTYLE] 공항 라운지 서비스(The Lounge)', '[SPECIAL PLATE] 특수 소재 카드', '국제브랜드 서비스(해외겸용카드 전용)', '꼭 확인하세요!']"
https://www.card-gorilla.com/card/detail/2569,트래블월렛 우리카드,"['적립', '수수료우대', '유의사항']",https://api.card-gorilla.com:8080/storage/card/2569/card_img/30756/2569card.png,"['트래블 포인트 적립 포인트', '해외 이용 수수료 면제 서비스', '꼭 확인하세요!']"
https://www.card-gorilla.com/card/detail/273,참! 좋은 다이소카드(신용),[],https://api6.card-gorilla.com:8080/storage/card/273/card_img/20495/273card.png,[]
https://www.card-gorilla.com/card/detail/115,굿데이올림카드,"['주유', '대형마트', '통신', '교통', '해외', '생활', '교육/육아', '유의사항']",https://api6.card-gorilla.com:8080/storage/card/115/card_img/20273/115card.png,"['주유소, 충전소 업종 리터당 60원 청구할인', '대형마트 10% 청구할인', '전화요금, 인터넷이용료, 케이블TV 업종 10% 청구할인', '버스, 지하철, 택시 업종 10% 청구할인', '해외이용(해외직구) 5% 할인 캐시백', '음식점, 커피전문점, 편의점, 약국 업종 10% 추가 청구할인', '학원, 휘트니스센터 업종 10% 추가 청구할인', '꼭 확인하세요!']"
https://www.card-gorilla.com/card/detail/432,SKYPASS 롯데 아멕스카드,"['대한항공', '유의사항']",https://api.card-gorilla.com:8080/storage/card/432/card_img/30755/432card.png,"['SKYPASS 1,000원당 1마일, 해외결제는 더블마일 적립', '꼭 확인하세요!']"
https://www.card-gorilla.com/card/detail/16,신한카드 RPM+ Platinum#,"['주유', '쇼핑', '마트/편의점', '택시', '정비', '모든가맹점', '프리미엄', '유의사항']",https://api.card-gorilla.com:8080/storage/card/16/card_img/28929/16card.png,"['모든 주유소 리터당 40~150포인트/충전소 리터당 10~50포인트 적립', '1~5% 특별적립', '1~5% 특별적립', '1~5% 특별적립', '1~5% 특별적립', '국내/외 모든 가맹점 0.2~2.0% 적립', 'Platinum # 서비스', '꼭 확인해주세요!']"
https://www.card-gorilla.com/card/detail/2711,대한항공카드 300,"['대한항공', '적립', '프리미엄', '프리미엄 서비스', '유의사항']",https://d1c5n4ri2guedi.cloudfront.net/card/2711/card_img/35455/2711card_4.png,"['대한항공 마일리지 적립', '연간 보너스 1만 마일리지 적립(연 1회)', '우대 서비스', 'MasterCard World 서비스', '꼭 확인하세요!']"
https://www.card-gorilla.com/card/detail/258,Oil & Life카드(Oil카드),"['통신', '주유', '영화', '테마파크', '은행사', '기타', '프리미엄 서비스', '유의사항']",https://api.card-gorilla.com:8080/storage/card/258/card_img/33952/258card.png,"['[기본서비스] 휴대폰 이용금액의 3% 할인', '[특화서비스] GS칼텍스 리터당 120원 청구할인(LPG 포함)', '[기본서비스] CGV, 롯데시네마 2천원 현장할인', '[기본서비스] 주요 놀이공원 할인', '[기본서비스] 금융수수료 면제', '[기본서비스] GS&POINT 포인트 적립 및 다양한 혜택 제공', 'Life Prime/Oil Prime 서비스 중 한가지 선택가능', '꼭 확인하세요!']"
https://www.card-gorilla.com/card/detail/673,스타벅스 현대카드,"['국내외가맹점', '프리미엄 서비스', '유의사항']",blob:https://control.card-gorilla.com/cf03c9bf-ad15-4261-90c5-96ffe48151b9,"['스타벅스 별 적립', 'VISA 플래티넘서비스MasterCard 플래티넘서비스', '꼭 확인하세요!']"
https://www.card-gorilla.com/card/detail/2666,신한카드 Point Plan,"['적립', '적립', '적립', '유의사항']",https://api.card-gorilla.com:8080/storage/card/2666/card_img/32452/2666card.png,"['[일상 생활비 적립 서비스] 국내 건당 결제금액별 0.5~3% 포인트 적립·해외 결제금액 1% 포인트 적립가족행사월(5월,12월) 적립 한도 1만 포인트 추가 제공', '[필수 생활비 적립 서비스] 주말 외식비 포인트 적립', '[필수 생활비 적립 서비스] 정기결제 자동납부 포인트 적립', '꼭 확인하세요!']"
https://www.card-gorilla.com/card/detail/2406,하나 CLUB H 아메리칸 익스프레스 리저브 카드,"['항공마일리지', '항공마일리지', '공항라운지', '프리미엄 서비스', '프리미엄 서비스', '유의사항']",https://api.card-gorilla.com:8080/storage/card/2406/card_img/26473/2406card.png,"['국내 이용금액 1천원당 1마일리지 적립', '해외 이용금액 1천원당 2마일리지 적립', '인천공항 라운지 무료 서비스', 'Special Service 메탈 플레이트 기본 제공', '국제 브랜드 서비스', '꼭 확인하세요!']"
https://www.card-gorilla.com/card/detail/657,taptap DIGITAL,"['간편결제', '디지털구독', '마트/편의점', '해외', '유의사항']",https://api.card-gorilla.com:8080/storage/card/657/card_img/27715/657card.png,"['온라인 간편결제 5% 결제일할인', '스트리밍 50% 결제일할인', '편의점·헬스&뷰티·생활잡화 10% 결제일할인', '해외 1.5% 결제일할인', '꼭 확인하세요!']"
https://www.card-gorilla.com/card/detail/64,신세계이마트 삼성카드7,"['쇼핑', '적립', '영화/문화', '무이자할부']",https://api.card-gorilla.com:8080/storage/card/64/card_img/27713/64card.png,"['신세계백화점·이마트 제휴 혜택', '국내 가맹점, 주유, 삼성전자 등 빅포인트 적립', '영화, 세콤홈즈, 삼성미술관리움 등 할인', '주말 5만원 이상 결제 시 2~3개월 무이자할부']"
https://www.card-gorilla.com/card/detail/130,BeV V카드(포인트형),"['모든가맹점', '프리미엄', '프리미엄', '프리미엄', '유의사항']",https://api.card-gorilla.com:8080/storage/card/130/card_img/20359/130card.png,"['포인트리 적립 서비스', '쿠폰서비스', 'BeV Ⅴ 서비스 (여행/호텔/골프/문화/금융)', '국제브랜드 제공 서비스', '꼭 확인하세요!']"
https://www.card-gorilla.com/card/detail/2703,JADE Prime,"['바우처', '바우처', '공항라운지', '적립', '주유', '택시', '디지털구독', '유의사항']",https://api.card-gorilla.com:8080/storage/card/2703/card_img/34566/2703_1card.png,"['[PREMIUM VOUCHER] 바우처 4가지 중 1가지를 선택하여 이용 (연 1회)', '[BONUS VOUCHER] 연 누적 이용금액 2,400만원 이상 시 10만 하나머니 적립 제공(연 1회)', '[AIRPORT] 전세계 공항 라운지 무료 이용 (본인/가족/동반자 통합 연 6회, 일 3회)', '[REWARD] 국내 전 가맹점 1.5%~1.0% 하나머니 적립 제공・영역별 3.0% 하나머니 적립', '[REWARD] 주유(LPG) 리터당 150하나머니・EV충전 30% 하나머니 적립 제공', '[REWARD] 택시 이용금액 50% 하나머니 적립 제공', '[REWARD] 디지털 컨텐츠 자동납부 시, 50% 하나머니 적립 제공', '꼭 확인하세요!']"
https://www.card-gorilla.com/card/detail/2654,원더카드 (원더 Life),"['할인', '할인', '배달앱', '대중교통', '카페', '편의점', '유의사항']",https://api.card-gorilla.com:8080/storage/card/2654/card_img/32266/2654card.png,"['[자동이체] 영상 스트리밍 40% 할인', '[자동이체] 생활요금 10% 할인', '딜리버리 10% 할인', '대중교통 10% 할인', '커피 10% 할인', '편의점 10% 할인', '꼭 확인하세요']"
https://www.card-gorilla.com/card/detail/1,신한카드 Hi-Point,[],https://api.card-gorilla.com:8080/storage/card/1/card_img/20083/1card.png,[]
https://www.card-gorilla.com/card/detail/146,The Easy카드,"['선택형', '선택형', '선택형', '유의사항']",https://api.card-gorilla.com:8080/storage/card/146/card_img/20372/146card.png,"['[적립형] 국내/외 전 가맹점 0.7% 기본적립,  7대 영역 중 월간 이용횟수가 가장 높은 2개 영역 3% 추가적립', '[할인형] 국내/외 전 가맹점 0.7% 기본할인, 7대 영역 중 월간 이용횟수가 가장 높은 2개 영역 5% 추가할인', '추가 적립/할인 7대 영역 안내', '꼭 확인하세요!']"
https://www.card-gorilla.com/card/detail/2633,디지로카 Paris,"['국내외가맹점', '온라인쇼핑', '유의사항']",https://api.card-gorilla.com:8080/storage/card/2633/card_img/31798/2633card.png,"['어디서나 0.7% 결제일 할인', '온라인 쇼핑 최대 5% 결제일 할인', '꼭 확인하세요!']"
https://www.card-gorilla.com/card/detail/2670,현대카드 MM,"['적립', '적립', '적립', '공항라운지', '공항', '유의사항']",https://api.card-gorilla.com:8080/storage/card/2670/card_img/32841/2670card.png,"['[기본 혜택] 국내외 가맹점 1.5% M포인트 적립전월 이용 금액 50만원 이상 이용 시', '[추가 혜택] 온라인 쇼핑몰・외식・해외 가맹점 10% M포인트 적립(월 2만 M포인트 한도)전월 이용 금액 100만원 이상 이용 시', 'M 긴급적립(선지급 포인트 서비스)', '인천국제공항 라운지 무료 이용', '인천공항 발렛파킹 무료 이용', '꼭 확인하세요!']"
https://www.card-gorilla.com/card/detail/2259,the Red Edition5,"['바우처', '프리미엄 서비스', '대한항공', '적립', '프리미엄', '선택형']",https://api.card-gorilla.com:8080/storage/card/2259/card_img/27662/2259card.png,"['최대 20만원 상당의 바우처 제공총 5개 영역에서 최대 20만원까지 선택하여 사용', '전 세계 공항라운지 / 무료 발레파킹 서비스VISA Signature / MasterCard World 서비스', '[마일리지형] 대한항공 : 1천원당 1마일리지 적립', '[M포인트형] 국내외 가맹점 1% 적립월 200만원 이상 이용 시 2배, 월 100만원 이상 이용 시 1.5배 적립', '로열티 보너스: 연간 이용금액 2,000만원 이상 시 로열티 보너스 제공(연 1회, 택 1)', 'the Red Edition5의 특별한 디자인을 소개합니다.내 취향에 맞는 카드 디자인을 선택해서 발급 받으세요.']"
https://www.card-gorilla.com/card/detail/40,신한카드 Deep Dream Platinum+,"['적립', '생활', '생활', '생활', '기타', '기타', '프리미엄', '유의사항']",https://d1c5n4ri2guedi.cloudfront.net/card/40/card_img/20121/40card.png,"['국내/외 가맹점 0.7~1.1% 포인트 적립', '자주 가는 DREAM 영역 2.4~3.3% 포인트 적립', '가장 많이 가는 DREAM 영역 4.0~5.5% 포인트 적립', '주유소 리터당 80원 적립, 택시 2천 원 할인', 'DREAM 영역 안내', '통합 적립한도 안내', '신한금융그룹 우대 서비스,Platinum+ 서비스', '꼭 확인하세요!']"
https://www.card-gorilla.com/card/detail/2593,zgm.일본여행중 카드,"['수수료우대', '해외', '온라인 여행사', '적립', '공항라운지', '프리미엄 서비스', '유의사항']",https://d1c5n4ri2guedi.cloudfront.net/card/2593/card_img/30936/2593card.png,"['해외결제 시 해외서비스수수료 면제', '일본 오프라인 전매장 10% NH포인트 적립', '익스피디아 이용 시 객실요금 9% 즉시 할인', '해외 및 국내 생활업종 NH포인트 적립', '전세계 공항 라운지 무료 이용(The lounge/더 라운지)', 'JCB PLATINUM PREMIUM SERVICES', '꼭 확인하세요!']"
https://www.card-gorilla.com/card/detail/2675,I-Mileage (아시아나),"['아시아나항공', '공항라운지', '공항', '카페', '프리미엄 서비스', '유의사항']",https://api.card-gorilla.com:8080/storage/card/2675/card_img/32668/2675card.png,"['아시아나항공 마일리지 적립', '전 세계 공항 라운지 무료 이용 서비스', '공항 발레파킹 무료 이용 서비스', '스타벅스 할인 서비스', '국제 브랜드 서비스', '꼭 확인하세요!']"
https://www.card-gorilla.com/card/detail/718,국민행복 삼성카드 V2,"['국민행복', '쇼핑', '교육/육아', '공과금', '디지털구독', '해외', '기타', '유의사항']",https://api.card-gorilla.com:8080/storage/card/718/card_img/28063/718card.png,"['정부지원 국가바우처 이용 가능', '백화점·프리미엄 아울렛·할인점·온라인쇼핑몰·생활잡화·신선식품 배송 7% 결제일할인', '의료·산후조리원·학원·학습지·온라인서점·어린이집·유치원·주유 7% 결제일할인', '아파트 관리비·도시가스요금·전기요금·4대 사회보험·보험·통신·렌탈 자동납부 연결 시 7% 결제일할인', '스트리밍 3,000원 결제일할인', '해외 1.5% 결제일할인', '임신, 출산, 육아 등 국가가 지원하는 바우처를 해당 카드로 이용 가능,신세계백화점 제휴 서비스', '꼭 확인하세요!']"
https://www.card-gorilla.com/card/detail/2529,트래블로그 신용카드,"['국내외가맹점', '간편결제', '해외이용', '항공권', '면세점', '온라인 여행사', '수수료우대', '선택형', '유의사항']",https://api.card-gorilla.com:8080/storage/card/2529/card_img/29020/2529card.png,"['국내외 전 가맹점 1.0% 하나머니 적립', '간편결제 1.0%~1.3% 하나머니 적립', '해외 가맹점 3% 하나머니 적립 (신용카드 결제 시)', '항공사 3% 하나머니 적립', '면세점 3% 하나머니 적립', '여행 3% 하나머니 적립', '해외 가맹점 이용 수수료·해외 ATM 인출 수수료 면제', '카드 플레이트 선택', '꼭 확인하세요!']"
https://www.card-gorilla.com/card/detail/769,가온올림카드(실속형),"['적립', '적립', '푸드', '교통', '통신', '할인', '영화', '테마파크', '유의사항']",https://api6.card-gorilla.com:8080/storage/card/769/card_img/22243/769card.png,"['[기본적립] 국내 가맹점 0.7% 기본적립', '[추가 적립] 주말/공휴일 국내 가맹점 0.5% 추가적립', '[추가 적립] 음식점, 커피 전문점 업종 0.5% 추가적립', '[추가 적립] 버스/지하철, 택시 0.5% 추가적립', '[추가 적립] 이동통신요금 0.5% 추가적립', '해외이용금액 1.7% 할인 캐시백', '인터파크 영화 예매시 1매당 3,500원 청구할인', '롯데월드/에버랜드/캐리비안베이 현장할인', '꼭 확인하세요!']"
https://www.card-gorilla.com/card/detail/466,신한카드 Air One,"['대한항공', '프리미엄 서비스', '유의사항']",https://api.card-gorilla.com:8080/storage/card/466/card_img/21158/466card.png,"['대한항공 마일리지 적립', 'AMEX PLATINUM 서비스 제공', '꼭 확인하세요!']"
https://www.card-gorilla.com/card/detail/179,NH올원 Shopping&11번가카드(R2타입),"['온라인쇼핑', '대형마트', '백화점', '병원', '카페', '베이커리', '주유소', '테마파크', '유의사항']",https://api6.card-gorilla.com:8080/storage/card/179/card_img/20395/179card.png,"['[공통서비스] 온라인쇼핑 5~22% 청구할인', '[R2-type 알찬서비스2] 대형마트/하나로클럽·마트 5% 청구할인', '[R2-type 알찬서비스2] 백화점 5% 청구할인', '[R2-type 알찬서비스2] 병·의원/약국 5% 청구할인', '[R2-type 알찬서비스2] 커피 10% 청구할인', '[R2-type 알찬서비스2] 베이커리 10% 청구할인', '[R2-type 알찬서비스2] 주유 60원/L 청구할인', '[특별서비스] 전국 주요 놀이공원 30~50% 할인', '꼭 확인하세요!']"
https://www.card-gorilla.com/card/detail/274,쇼핑앤조이 카드,"['대중교통', '통신', '온라인쇼핑', '카페', '기타', '유의사항']",https://api.card-gorilla.com:8080/storage/card/274/card_img/20496/274card.png,"['대중교통 할인', '이동통신요금 할인', '쇼핑 할인', '스타벅스 할인', '금융우대서비스', '꼭 확인하세요!']"
https://www.card-gorilla.com/card/detail/2459,삼성 iD NOMAD 카드,"['프리미엄 서비스', '적립', '디지털구독', '영화', '패스트푸드', '프리미엄 서비스', '유의사항']",https://api.card-gorilla.com:8080/storage/card/2459/card_img/28127/2459card.png,"['GIFT 기프트 서비스', 'REWARD 국내외 가맹점 2%/1%/0.5% 빅포인트 적립', '디지털콘텐츠/멤버십 50% 할인', '영화 5,000원 할인', '쉐이크쉑/써브웨이 30% 할인', '국제브랜드 서비스(해외겸용카드 전용)', '꼭 확인하세요!']"
https://www.card-gorilla.com/card/detail/2644,GOAT BC 바로카드,"['적립', '적립', '프리미엄 서비스', '유의사항']",https://api.card-gorilla.com:8080/storage/card/2644/card_img/32094/2644card.png,"['[페이북 머니 매일 적립] 국내 가맹점 최대 1.5%, 국외 가맹점 최대 3% 적립', '[페이북 머니 연간 적립] 연간 카드사용액 3천만원 이상 시 10% 추가적립', '[국제 브랜드 서비스] Mastercard/VISA Platinum 기본 서비스 제공', '꼭 확인하세요!']"
https://www.card-gorilla.com/card/detail/2464,zgm.휴가중카드,"['해외', '모든가맹점', '적립', '호텔', '공항라운지', '보험사', '프리미엄 서비스', '선택형', '유의사항']",https://api.card-gorilla.com:8080/storage/card/2464/card_img/28156/2464card.png,"['해외 이용액 2~5% NH포인트 적립', '국내 이용액 0.5% NH포인트 기본적립', '항공권, 면세점 업종 0.5% NH포인트 추가적립', '호텔스닷컴 이용 시 20% 즉시할인(월 이용 한도 4회)', '전 세계 공항 라운지 무료 이용(The lounge / 더 라운지)', '여행자보험 무료 가입', 'MASTERCARD TITANUM / PLATINUM PREMIUM SERVICES', '플레이트 디자인 선택가능', '꼭 확인하세요!']"
https://www.card-gorilla.com/card/detail/2647,현대카드ZERO Edition3(포인트형),"['적립', '유의사항']",https://api.card-gorilla.com:8080/storage/card/2647/card_img/32393/2646card.png,"['실적・한도 제한 없이 국내외 가맹점 이용 금액의 1.2% M포인트 적립', '꼭 확인하세요!']"
https://www.card-gorilla.com/card/detail/2262,LOCA LIKIT Eat,"['일반음식점', '배달앱', '카페', '디지털구독', '유의사항']",https://api6.card-gorilla.com:8080/storage/card/2262/card_img/20704/2262card.png,"['음식점 60% 결제일 할인', '배달의 민족, 쿠팡이츠, 요기요 60% 결제일 할인', '스타벅스, 투썸플레이스, 할리스커피, 폴바셋 60% 결제일 할인', '쿠팡 로켓와우, 네이버플러스 멤버십 60% 결제일 할인', '꼭 확인하세요!']"
https://www.card-gorilla.com/card/detail/458,네이버페이 taptap,"['선택형', '네이버페이', '카페', '네이버페이', '네이버페이', '적립', '유의사항']",https://api.card-gorilla.com:8080/storage/card/458/card_img/28058/458card.png,"['라이프스타일 옵션 패키지', '[일상팩] 네이버페이 온라인 간편결제 시 10% 네이버페이 포인트 적립', '[일상팩] 커피전문점·편의점·배달앱 5% 네이버페이 포인트 적립', '[온라인팩] 네이버페이 온라인 간편결제 시 10% 네이버페이 포인트 적립', '[온라인팩] 네이버페이 온라인 간편결제 시 3,000 네이버페이 포인트 추가적립', '국내외 온오프라인 가맹점 기본 0.5% 네이버페이 포인트 적립', '꼭 확인하세요!']"
https://www.card-gorilla.com/card/detail/2346,BC 바로 클리어 플러스,"['점심', '배달앱', '대중교통', '편의점', '온라인쇼핑', '드럭스토어', '통신', '디지털구독', '무이자할부', '프리미엄 서비스', '유의사항']",https://api.card-gorilla.com:8080/storage/card/2346/card_img/32523/2346card.png,"['점심식사 7% 할인', '배달앱 7% 할인', '대중교통 7% 할인', '편의점 10% 할인', '온라인쇼핑 10% 할인', '뷰티 10% 할인', '통신 10% 할인', '스트리밍 10% 할인', '전국 모든 가맹점 2~3개월 상시 무이자할부', 'MasterCard Platinum/ VISA Platinum 기본 서비스', '꼭 확인하세요!']"
https://www.card-gorilla.com/card/detail/2710,대한항공카드 120,"['대한항공', '적립', '프리미엄', '프리미엄 서비스', '유의사항']",https://d1c5n4ri2guedi.cloudfront.net/card/2710/card_img/35451/2710card_1.png,"['대한항공 마일리지 적립', '연간 보너스 6천 마일리지 적립(연 1회)', '우대 서비스', 'MasterCard Platinum 서비스', '꼭 확인하세요!']"
https://www.card-gorilla.com/card/detail/15,신한카드 The CLASSIC+,"['바우처', '항공마일리지', '면세점', '공항라운지', '주유소', '카페', '유의사항']",https://api6.card-gorilla.com:8080/storage/card/15/card_img/20097/15card.png,"['Gift Option', '항공 마일리지 적립 서비스', '제주 JDC 면세점 8% 결제일 할인', '더라운지', 'GS칼텍스 주유 시 리터당 40원 결제일 할인', '스타벅스 3,000원 할인', '꼭 확인해주세요!']"
https://www.card-gorilla.com/card/detail/716,메리어트 본보이™ 더 베스트 신한카드,"['호텔', '적립', '적립', '멤버십포인트', '공항라운지', '유의사항']",https://api6.card-gorilla.com:8080/storage/card/716/card_img/22190/716card.png,"['전세계 메리어트 참여 호텔 무료 숙박권 제공 (연 1회, 1박 제공)', '메리어트 본보이 포인트 특별 적립 (1천원당, 최대 5 포인트)메리어트 본보이 포인트 기본 적립 (1천원당, 1 포인트)', '메리어트 본보이 보너스 포인트 제공', '메리어트 본보이 엘리트 멤버십 제공메리어트 본보이™ 엘리트 숙박 크레딧 제공', 'The Lounge Members 모바일 앱을 통한 전세계 공항 라운지 무료 이용 (연 4회)', '꼭 확인하세요!']"
https://www.card-gorilla.com/card/detail/2386,티머니 Pay & GO 신한카드,"['대중교통', '대중교통', '교통', '백화점', '편의점', '통신', '카페', '선택형', '유의사항']",https://api.card-gorilla.com:8080/storage/card/2386/card_img/33356/2386card_3.png,"['K-패스 안내', '[교통서비스 할인(모바일티머니)]대중교통(버스, 지하철) 30% 결제일 할인', '[교통서비스 할인(티머니GO)]고속/시외 버스, 따릉이, 킥보드, 택시 20% 결제일 할인', '[생활서비스 할인]4대 백화점 5% 결제일 할인', '[생활서비스 할인]5대 편의점 5% 결제일 할인', '[생활서비스 할인]이동통신요금 자동이체 5% 결제일 할인', '[생활서비스 할인]커피전문점 5% 결제일 할인', '카드 플레이트 선택 가능', '꼭 확인하세요!']"
https://www.card-gorilla.com/card/detail/2678,"카드의정석 Dear, Traveler(디어트래블러)","['바우처', '여행/숙박', '적립', '적립', '적립', '공항라운지', '유의사항']",https://api.card-gorilla.com:8080/storage/card/2678/card_img/32701/2678card.png,"['프리미엄 기프트 제공(①-④ 중 택 1, 연 1회)', '퍼스널 트래블(패키지/플랫폼/교통/해외) 5% 적립', '[기본 적립] 국내 가맹점 1% 적립', '[FLEX 적립] 국내 가맹점 건당 100만원 이상 결제 시 5% 적립', '[보너스 적립] 본인카드로 국내 가맹점 1천만원 이상 이용 시 5만점 적립', '[더라운지 서비스] 국내외 공항라운지 무료 이용 (본인+동반 1인까지 제공)', '꼭 확인하세요!']"
https://www.card-gorilla.com/card/detail/2344,현대백화점카드,"['백화점', '백화점', '기타', '유의사항']",https://api.card-gorilla.com:8080/storage/card/2344/card_img/24463/2344card.png,"['현대백화점 5% 할인', '현대백화점 2시간 무료주차', '3개월 무이자 할부', '꼭 확인하세요!']"
https://www.card-gorilla.com/card/detail/2618,삼성 iD AUTO 카드,"['주유소', '자동차/하이패스', '국내외가맹점', '생활', '영화', '정비', '유의사항']",https://api.card-gorilla.com:8080/storage/card/2618/card_img/31391/2618card.png,"['주유 리터당 70원·90원 결제일 할인', '주차장·하이패스·대리운전 10% 결제일 할인', '국내외 가맹점 0.5% 결제일 할인', '할인점·온라인쇼핑몰·편의점·배달앱·커피전문점 1.5% 결제일 할인', '영화 5,000원 결제일 할인', '차량 점검 서비스', '꼭 확인하세요!']"
https://www.card-gorilla.com/card/detail/1731,로얄블루1000카드 [SKYPASS],"['바우처', '프리미엄 서비스', '항공마일리지', '공항라운지/PP', '골프', '여행/숙박', '쇼핑', '주유', '유의사항']",https://api.card-gorilla.com:8080/storage/card/1731/card_img/22383/1731card.png,"['100만원 상당 선택 제공 기프트 ①~⑤ 택 1 (연 1회)', 'CONCIERGE Service', 'Airport Service', 'Airport Service', 'Golf Service', 'Premium Service - Travel', 'Premium Service - Shopping', 'Premium Service - Life style', '꼭 확인하세요!']"
https://www.card-gorilla.com/card/detail/2451,HERITAGE Smart [대한항공 마일리지형],"['바우처', '국내외가맹점', '간편결제', '금융', '프리미엄', '프리미엄', '유의사항']",https://api.card-gorilla.com:8080/storage/card/2451/card_img/27738/2451card.png,"['[HERITAGE 전용혜택] 쿠폰서비스 (연 1회 제공, 3가지 중 택1)', '국내 가맹점 1천원 당 대한항공 1마일리지 적립해외 가맹점 1천원 당 대한항공 2마일리지 적립', ""KB Pay 2천원당 '대한항공 1마일리지' 적립"", '[HERITAGE 전용혜택] 금융서비스', '[HERITAGE 전용혜택] Mastercard World 서비스', '[HERITAGE Smart 서비스] 전용고객센터', '꼭 확인하세요!']"
https://www.card-gorilla.com/card/detail/2712,대한항공카드 the First Edition2,"['대한항공', '적립', '프리미엄', '프리미엄 서비스', '유의사항']",https://d1c5n4ri2guedi.cloudfront.net/card/2712/card_img/35465/2712card_1.png,"['대한항공 마일리지 적립', '연간 보너스 3만 마일리지 적립(연 1회)', '우대 서비스', 'MasterCard World 서비스', '꼭 확인하세요!']"
https://www.card-gorilla.com/card/detail/2680,현대카드Z work Edition2,"['온라인쇼핑', '편의점', '카페', '대중교통', '도서', '유의사항']",https://d1c5n4ri2guedi.cloudfront.net/card/2680/card_img/32828/2680card.png,"['온라인 쇼핑몰 10% 청구 할인', '편의점 10% 청구 할인', '커피전문점 10% 청구 할인', '대중교통 10% 청구 할인', '도서 10% 청구 할인', '꼭 확인하세요!']"
https://www.card-gorilla.com/card/detail/763,the Pink,"['모든가맹점', '기타', '바우처', '연회비지원', '프리미엄', '프리미엄 서비스', '유의사항']",https://api.card-gorilla.com:8080/storage/card/763/card_img/27661/763card.png,"['국내외 가맹점 1% 적립월 200만원 이상 이용 시 2배, 월 100만원 이상 이용 시 1.5배 적립', 'M포인트로 상품권 교환, 면세점에서 사용 가능한 the Pink 바우처 교환(10만원권)', 'the Pink 최초 발급 시 웰컴 바우처 10만원권 1매 제공', '7만 M포인트 적립 또는 연회비 7만원 감면(택 1)', '인천국제공항라운지, 발레파킹 무료 서비스 제공', 'VISA Signature 서비스MasterCard World 서비스', '꼭 확인하세요!']"
https://www.card-gorilla.com/card/detail/2290,삼성 iD ENERGY 카드,"['주유소', '대중교통', '자동차', '기타', '카페', '자동차', '선택형', '유의사항']",https://api.card-gorilla.com:8080/storage/card/2290/card_img/27723/2290card.png,"['주유 10,000원 결제일할인', '대중교통·택시·전기차 충전요금 10% 결제일할인', '주차장·대리운전 10% 결제일할인', '고속도로 통행료 10% 결제일할인', '스타벅스 드라이브 스루 30% 결제일할인', '엔진오일(오일필터/에어클리너 포함) 교환 시 2만원 현장할인(연 2회)차량 안전점검/타이어 펑크 수리/타이어 위치 교환 무료(연1회)', '미래지향적 라이프스타일-친환경 소재(Recycling-PVC)를 50% 이상 사용한 삼성 iD ENERGY 카드', '꼭 확인하세요!']"
https://www.card-gorilla.com/card/detail/2349,모니모카드,"['선택형', '선택형', '생활', '교통', '배달앱', '선택형', '유의사항']",https://api.card-gorilla.com:8080/storage/card/2349/card_img/28096/2349card.png,"['[맞춤혜택] 옵션 서비스 1(Needs & Identity Option)온라인패션·오늘의집 30% 할인 / 스타벅스 50%, 교보문고·스트리밍 30% 할인', '[맞춤혜택] 옵션 서비스 2(My Shopping Otion)온라인쇼핑몰 / 편의점·다이소·올리브영 / 해외 7% 할인', '이동통신요금·아파트 관리비 10% 결제일 할인', '대중교통·택시 10% 결제일 할인', '배달앱 10% 결제일 할인', '내 마음대로 고르는 디자인', '꼭 확인하세요!']"
https://www.card-gorilla.com/card/detail/129,청춘대로 톡톡카드,"['카페/디저트', '패스트푸드', '간편결제', '생활', '유의사항']",https://api.card-gorilla.com:8080/storage/card/129/card_img/20358/129card.png,"['[Great 서비스] 스타벅스 50% 청구할인', '[Enjoy 서비스] 버거/패스트푸드 업종 20% 청구할인', '[Check 서비스] 간편결제(Pay) 10% 청구할인', '[Basic 서비스] 대중교통, 택시/이동통신요금 10% 청구할인', '꼭 확인하세요!']"
https://www.card-gorilla.com/card/detail/2557,K-패스 카드,"['대중교통', '디지털구독', '통신', '편의점', '카페', '해외이용', '유의사항']",https://api.card-gorilla.com:8080/storage/card/2557/card_img/33458/2557card.png,"['대중교통(버스, 지하철) 15% 결제일 할인', 'OTT/스트리밍 15% 결제일 할인', '이동통신요금 5% 결제일 할인', '편의점 5% 결제일 할인', '카페 5% 결제일 할인', '해외 3% 결제일 할인', '꼭 확인하세요!']"
https://www.card-gorilla.com/card/detail/92,카드의정석 PREMIUM MILEAGE(SKYPASS),"['대한항공', '공항라운지/PP', '바우처', '프리미엄', '주유', '유의사항']",https://api.card-gorilla.com:8080/storage/card/92/card_img/20246/92card.png,"['이용금액 1,000원당 대한항공 1~2 마일리지 적립', '국내외 공항라운지 무료 이용 서비스', '프리미엄 기프트 서비스(연 1회, 택1)', '프리미엄 투어 서비스', '현대오일뱅크, S-OIL 주유 및 충전 시 리터당 60원 청구할인', '꼭 확인하세요!']"
